{"Argentina": 607.8797444220145, "Australia": 751.3144538223967, "Canada": 1108.4021612277445, "France": -1571.1222702882071, "Germany": 152.66741393860656, "Hong Kong": 7159.147099993175, "India": 264.69028001377455, "Italy": -348.28789156739003, "Japan": -1163.6119852570457, "Mexico": -5084.894486407234, "Netherlands": -417.0548342192623, "South Korea": -1082.9088966333686, "Spain": -1861.2074089101172, "United Kingdom": 2231.7084525818173, "United States of America": 1745.5570668610212}