{"Argentina": -2558.04780297569, "Australia": 4815.73955265488, "Canada": 762.0349022559719, "France": -322.1297948676412, "Germany": 1793.3603151932516, "Hong Kong": 10494.060035955396, "India": 1072.7763910670715, "Italy": -1492.2927358258053, "Japan": -1097.7396030077844, "Mexico": -3305.240521323062, "Netherlands": 834.5136273004443, "South Korea": 2579.7060323179217, "Spain": -2045.870043835079, "United Kingdom": 2444.243773512908, "United States of America": 2861.728065110811}