{"Argentina": 3434.2836004271644, "Australia": 82.28474857286011, "Canada": -1402.0278082051293, "France": 642.9419420981327, "Germany": 10560.115567474286, "Hong Kong": 382.69811532713493, "India": -1275.3400042876174, "Italy": -1995.127276967817, "Japan": -2721.5871149957893, "Mexico": 398.7185787159318, "Netherlands": 1366.3026255839745, "South Korea": -1651.0940230767162, "Spain": 1653.4582014946411, "United Kingdom": 1757.9930494994926, "United States of America": 388.17214297381764}