{"runtime": 45.37408719960565, "isAdult": 2398.4781945970076, "actors_score": 1959.9613807261794, "directors_score": 2735.4827988283187, "ethnicity_score": 1849.145580298432, "intercept": -42012.38726217102}