{"Argentina": 4815.73955265488, "Australia": 762.0349022559719, "Canada": -322.1297948676412, "France": 1793.3603151932516, "Germany": 10494.060035955396, "Hong Kong": 1072.7763910670715, "India": -1492.2927358258053, "Italy": -1097.7396030077844, "Japan": -3305.240521323062, "Mexico": 834.5136273004443, "Netherlands": 2579.7060323179217, "South Korea": -2045.870043835079, "Spain": 2444.243773512908, "United Kingdom": 2861.728065110811, "United States of America": 1144.7998914139848}