{"Argentina": -2900.4491337479417, "Australia": 4667.117547887162, "Canada": 719.063635751408, "France": -350.11590259380216, "Germany": 1241.3420676801863, "Hong Kong": 9245.733493984295, "India": 1039.220429185031, "Italy": -1603.511539020833, "Japan": -476.6057346020197, "Mexico": -3695.3583773646883, "Netherlands": 1273.0188712824483, "South Korea": 1635.5745609651942, "Spain": -2068.997627326607, "United Kingdom": 2725.027768581325, "United States of America": 3036.477256707415}