{"Cantonese": 221.22541229264357, "English": 3828.17423243942, "French": 4550.660950717983, "German": 1763.975345190845, "Hindi": 4094.1585485460737, "Italian": 5332.571358249707, "Japanese": -2051.6703050083497, "Korean": -269.3008446714722, "Malayalam": 4515.119654574896, "Russian": -1681.1188137739687, "Silent film": 5840.0151516464775, "Spanish": -2567.6785197473077, "Standard Mandarin": 2772.115386880948, "Tamil": 421.93339496759484, "Telugu": -2558.04780297569}