{"1.0": 1347.8072752472503, "2.0": 1563.137959423248, "3.0": 1487.5948009641224, "4.0": 1539.756249833053, "5.0": 2249.599909922443, "6.0": 2668.616251663989, "7.0": 2890.4228673664734, "8.0": 1368.4757878741752, "9.0": 2214.65840514588, "10.0": 2013.31183075391, "11.0": 2569.196122502296, "12.0": 3156.6198099717412}