{"1.0": 67.83791641899879, "2.0": 1175.765998154271, "3.0": -11.779782366356216, "4.0": 258.7265137426437, "5.0": 2470.8667451532874, "6.0": 2338.111004747466, "7.0": 2575.1423098364075, "8.0": 115.81104213989782, "9.0": 213.35916717201582, "10.0": 1207.8128602429972, "11.0": 2379.209010833901, "12.0": 2373.014640067055}