{"Action": 1440.8911350115925, "Action/Adventure": 1815.9723048874428, "Adventure": -3.145792520282612, "Animation": -2412.0226194296283, "Black-and-white": 617.4900625456683, "Comedy": -406.2587401285899, "Comedy film": 85.4767788096313, "Crime Fiction": 390.76703999026597, "Documentary": 1095.5863100359816, "Drama": 1179.8957045143452, "Family Film": 5521.907473089538, "Fantasy": 2209.8694918225533, "Horror": -23.486189441065534, "Indie": 1385.1897997592714, "Musical": 265.7097288406421, "Mystery": 566.4469278653661, "Romance Film": -445.5179343260893, "Romantic comedy": 44.77304837167139, "Romantic drama": 3745.6322230057967, "Science Fiction": -955.493313733117, "Short Film": 2652.816712609957, "Silent film": 1822.3489439288492, "Thriller": 136.16176401460504, "War film": -671.2962346176223, "World cinema": 3725.0371360848526}