{"1.0": 928.8944750778865, "2.0": 966.4102090448399, "3.0": 836.118635824814, "4.0": 1646.7839561029625, "5.0": 1582.247354049196, "6.0": 2667.321666638018, "7.0": 869.2635182001412, "8.0": 1190.3962010218418, "9.0": 1422.4691073296938, "10.0": 2188.0066646488085, "11.0": 2672.807579994558}