{"Action": 1302.339489564521, "Action/Adventure": 1118.8647188684495, "Adventure": 1752.4291926317273, "Animation": 77.12815195870644, "Black-and-white": 27.15384523613261, "Comedy": -156.8235906048135, "Comedy film": 424.1902002751192, "Crime Fiction": 101.46607066569186, "Documentary": -3126.846960183974, "Drama": 514.3368405806423, "Family Film": 912.8786820050374, "Fantasy": 4697.358004284582, "Horror": 3394.603089027925, "Indie": -548.8787086558068, "Musical": 1822.118057753099, "Mystery": -240.64983030572748, "Romance Film": 568.3473089050434, "Romantic comedy": -1288.9876788202018, "Romantic drama": -653.8209194949758, "Science Fiction": 4390.846404309228, "Short Film": 2836.727040466064, "Silent film": 3348.1587681038673, "Thriller": 726.5860216090458, "War film": -265.044573655525, "World cinema": -950.2515969198045}