{"Action": 1159.838706162979, "Action/Adventure": 1440.8911350115925, "Adventure": 1815.9723048874428, "Animation": -3.145792520282612, "Black-and-white": -2412.0226194296283, "Comedy": 617.4900625456683, "Comedy film": -406.2587401285899, "Crime Fiction": 85.4767788096313, "Documentary": 390.76703999026597, "Drama": 1095.5863100359816, "Family Film": 1179.8957045143452, "Fantasy": 5521.907473089538, "Horror": 2209.8694918225533, "Indie": -23.486189441065534, "Musical": 1385.1897997592714, "Mystery": 265.7097288406421, "Romance Film": 566.4469278653661, "Romantic comedy": -445.5179343260893, "Romantic drama": 44.77304837167139, "Science Fiction": 3745.6322230057967, "Short Film": -955.493313733117, "Silent film": 2652.816712609957, "Thriller": 1822.3489439288492, "War film": 136.16176401460504, "World cinema": -671.2962346176223}