{"Cantonese": 3385.2505499197164, "English": 76.73250427096832, "French": 4263.544589177821, "German": 4552.156767117439, "Hindi": 1715.5815444207065, "Italian": 4286.040552870936, "Japanese": 4695.657600638763, "Korean": -1335.630007082086, "Malayalam": -288.6888804337465, "Russian": 5066.13401978992, "Silent film": -1497.4309786760937, "Spanish": 6309.508149014826, "Standard Mandarin": -1428.6478095688742, "Tamil": 2713.3114541772566, "Telugu": 406.4646323809976}