{"Action": 1342.3032801131894, "Action/Adventure": 1718.469867513301, "Adventure": -374.2085282637838, "Animation": -613.1986937566926, "Black-and-white": -197.40035656342502, "Comedy": -23.1108232594446, "Comedy film": -18.21719625764206, "Crime Fiction": -2816.0823637553613, "Documentary": 382.2396351951287, "Drama": 1183.0730452533362, "Family Film": 4021.7093776612855, "Fantasy": 2105.860889053716, "Horror": -791.6483420501285, "Indie": 1595.3093688056902, "Musical": 432.475893160225, "Mystery": 354.7716746419401, "Romance Film": -914.7168062823205, "Romantic comedy": -256.681509960022, "Romantic drama": 3323.1399272784847, "Science Fiction": 293.996388550716, "Short Film": 4296.851912628021, "Silent film": 1308.596525200467, "Thriller": 210.89447632075553, "War film": -1547.5763271062751, "World cinema": 2706.0504410442604}