{"runtime": 18.458739348976557, "isAdult": 2964.5354179262367, "actors_score": 451.5169106240337, "directors_score": 695.7731784823281, "intercept": -7194.509565970668}