{"Action": 1126.8154040818463, "Action/Adventure": 1435.2585679252722, "Adventure": 1868.9175803797102, "Animation": 241.75078015579766, "Black-and-white": -2433.000006462672, "Comedy": 574.1103627511839, "Comedy film": -452.2446184824365, "Crime Fiction": 241.58999837350456, "Documentary": 463.5054053645356, "Drama": 1250.259562961884, "Family Film": 1240.9195464274417, "Fantasy": 5312.791054253326, "Horror": 2369.523683311168, "Indie": -29.9338686650443, "Musical": 1350.9296755789874, "Mystery": 368.23675106483154, "Romance Film": 640.5607576586926, "Romantic comedy": -543.6436919827204, "Romantic drama": -135.72985851828707, "Science Fiction": 3437.864295984745, "Short Film": -1050.9404590553918, "Silent film": 2537.0171160515306, "Thriller": 1940.0528898813927, "War film": -89.24525098605218, "World cinema": -577.9701158176169}