{"runtime": 18.812909911531904, "isAdult": 3086.0971038434027, "actors_score": 468.8973553449814, "directors_score": 700.9223880699797, "intercept": -7419.466277282814}