{"Cantonese": -336.44333144574654, "English": 3410.893682295379, "French": 4100.2066727296315, "German": 2388.0437469728918, "Hindi": 3896.4739343568267, "Italian": 4178.21285384031, "Japanese": -1952.5043810766042, "Korean": 826.3970072581974, "Malayalam": 3072.9665668381413, "Russian": -894.3160331693144, "Silent film": 4627.3442934258555, "Spanish": -3732.8651020343973, "Standard Mandarin": 2662.246172783045, "Tamil": 482.2382865284306, "Telugu": -172.1240717838356}