{"Cantonese": 5596.68912014921, "English": -141.03524777856796, "French": 5063.9915529553255, "German": 2826.1589218640142, "Hindi": 1826.58354409393, "Italian": 3372.14525304431, "Japanese": 2989.577975624875, "Korean": -2364.906846478003, "Malayalam": 2128.252381438866, "Russian": 1300.6379244489758, "Silent film": 954.977131767384, "Spanish": 6010.204399934135, "Standard Mandarin": -3016.2118275020293, "Tamil": 3276.3685416027624, "Telugu": 852.586771452708}