{"Cantonese": 3725.0371360848526, "English": 221.22541229264357, "French": 3828.17423243942, "German": 4550.660950717983, "Hindi": 1763.975345190845, "Italian": 4094.1585485460737, "Japanese": 5332.571358249707, "Korean": -2051.6703050083497, "Malayalam": -269.3008446714722, "Russian": 4515.119654574896, "Silent film": -1681.1188137739687, "Spanish": 5840.0151516464775, "Standard Mandarin": -2567.6785197473077, "Tamil": 2772.115386880948, "Telugu": 421.93339496759484}