{"1.0": 1367.0236586263022, "2.0": 1598.08140613985, "3.0": 1328.160693751238, "4.0": 2190.8088976599342, "5.0": 2148.9721881953483, "6.0": 3078.633559577146, "7.0": 1307.4489956223572, "8.0": 2167.8288000942175, "9.0": 1865.6246385171787, "10.0": 2617.646649022285, "11.0": 3329.136567793741}