{"runtime": 12.580652666586738, "isAdult": 1466.5947680127756, "actors_score": 899.0382561836959, "directors_score": 2667.92445725656, "ethnicity_score": 1544.7014354486705, "intercept": -27842.222776035516}