{"Cantonese": 0.1987131880740806, "English": 0.31205963752661414, "French": 0.2891370086357995, "German": -0.28380967522384426, "Hindi": 0.3840150406948751, "Italian": 0.511079645856634, "Japanese": 0.33503473877617945, "Korean": -0.1449592523702335, "Malayalam": 0.7373122388706308, "Russian": -0.05449484469539734, "Silent film": 0.5298807513398576, "Spanish": 0.44174829170179963, "Standard Mandarin": 0.13958707533338266, "Tamil": 0.04662480165934468, "Telugu": -0.3191088337999666}