{"1.0": 0.37312225950417854, "2.0": 0.23679338338367675, "3.0": 0.27822699903176346, "4.0": 0.289688979948687, "5.0": 0.22414437381705016, "6.0": 0.2575257759432197, "7.0": 0.2821402125474164, "8.0": 0.2997721369759778, "9.0": 0.3994453545594616, "10.0": 0.2846124646045856, "11.0": 0.2634684491782122, "12.0": 0.3266859091331093}