{"Action": -0.1773027249822489, "Action/Adventure": 0.2539727406182275, "Adventure": 0.10226233854681005, "Animation": 0.1632760819027862, "Black-and-white": -0.2321570446405301, "Comedy": 0.3335857591088925, "Comedy film": -0.25705277876076105, "Crime Fiction": 0.0779554991766177, "Documentary": 1.1786482901666104, "Drama": 0.29928719381356883, "Family Film": 0.24784038537376052, "Fantasy": 0.49432224820866594, "Horror": 0.22879028304432808, "Indie": 0.17006760288102724, "Musical": 0.01719916048933247, "Mystery": 0.13014981629423575, "Romance Film": 0.08885270600795936, "Romantic comedy": 0.2223197835612366, "Romantic drama": 0.09169218546474633, "Science Fiction": 0.2225887851926226, "Short Film": -0.3134880865506273, "Silent film": -0.5869930921677242, "Thriller": 0.15416452963700336, "War film": 0.1772241809781408, "World cinema": 0.2803934106305142}