{
    "runtime": 0.0035872435049002873,
    "isAdult": 0.5002626464401312,
    "actors_score": 0.22900057246496397,
    "directors_score": 0.2574895704016212,
    "intercept": 5.030324876521005
}