{"Argentina": -0.3191088337999666, "Australia": 0.3427152768455602, "Canada": 0.08431908499571654, "France": 0.32107644938296176, "Germany": 0.3914117822571147, "Hong Kong": 0.1809240330728439, "India": 0.22852269194536068, "Italy": -0.03973205133270148, "Japan": 0.4643536874159089, "Mexico": -0.03461315976162471, "Netherlands": 0.28431215068344873, "South Korea": 0.3327768935579273, "Spain": -0.004915896782438929, "United Kingdom": 0.13528727912214394, "United States of America": 0.11499475153700656}