{"Argentina": 0.3427152768455602, "Australia": 0.08431908499571654, "Canada": 0.32107644938296176, "France": 0.3914117822571147, "Germany": 0.1809240330728439, "Hong Kong": 0.22852269194536068, "India": -0.03973205133270148, "Italy": 0.4643536874159089, "Japan": -0.03461315976162471, "Mexico": 0.28431215068344873, "Netherlands": 0.3327768935579273, "South Korea": -0.004915896782438929, "Spain": 0.13528727912214394, "United Kingdom": 0.11499475153700656, "United States of America": 0.37312225950417854}