{"Cantonese": 0.1909209227739091, "English": 0.21214077263730252, "French": 0.32237774488881504, "German": 0.28666236498276415, "Hindi": -0.28479114705314473, "Italian": 0.39087868776802764, "Japanese": 0.49766405351433585, "Korean": 0.3726673183800808, "Malayalam": -0.13080525466654186, "Russian": 0.7492837648926357, "Silent film": -0.046334560649172435, "Spanish": 0.5461839416596787, "Standard Mandarin": 0.4751672278117806, "Tamil": 0.15134205015425256, "Telugu": 0.04057504855415939}