{"Argentina": -0.12889076788754694, "Australia": -0.12582588456409532, "Canada": 0.011564228174773705, "France": 0.03216543553298169, "Germany": 0.2042055506936064, "Hong Kong": 0.19001235432319566, "India": 0.06699575106292271, "Italy": 0.15819572194425507, "Japan": 0.14308581951221325, "Mexico": 0.10962500842323353, "Netherlands": -0.17931433274241806, "South Korea": 0.011615464678276684, "Spain": -0.08005780798957121, "United Kingdom": -0.17811943349413978, "United States of America": 0.0825708177628599}