{"Action": -0.17075440040411738, "Action/Adventure": 0.25743749197695565, "Adventure": 0.10464927244587885, "Animation": 0.16982263005452536, "Black-and-white": -0.23264758974732358, "Comedy": 0.33309262428322556, "Comedy film": -0.2778575266514971, "Crime Fiction": 0.06717104160063603, "Documentary": 1.1939241470416755, "Drama": 0.2936605451257264, "Family Film": 0.25371764938130587, "Fantasy": 0.49934971661813743, "Horror": 0.22194562086660685, "Indie": 0.17014019209377987, "Musical": 0.016383064076341505, "Mystery": 0.13414215059088003, "Romance Film": 0.0890002183947105, "Romantic comedy": 0.23069581076121254, "Romantic drama": 0.09171215733259286, "Science Fiction": 0.20899471230680478, "Short Film": -0.31001254608114437, "Silent film": -0.6179250354836557, "Thriller": 0.14920846791151335, "War film": 0.1804950790531882, "World cinema": 0.28483025692876823}