{
    "1%": 0.10000119720714422,
    "5%": 0.5000059860357232,
    "10%": 1.0000119720714467,
    "15%": 1.50001795810717,
    "20%": 2.000023944142893,
    "25%": 3.3124615895619867,
    "30%": 3.9645155971544592,
    "35%": 4.523491743637739,
    "40%": 5.022360120433405,
    "45%": 5.467753146602407,
    "50%": 5.887282790788072,
    "55%": 6.289509754187848,
    "60%": 6.681388716771519,
    "65%": 7.084329612861062,
    "70%": 7.487950647088355,
    "75%": 7.890970555823436,
    "80%": 8.276162217523703,
    "85%": 8.665678452169477,
    "90%": 9.093798118664576,
    "95%": 9.553370248468056,
    "99%": 9.909304183408413,
    "0%": 0.0,
    "100%": 10.0
}