{"Action": 0.22298273288904136, "Action/Adventure": 0.0014911022824146136, "Adventure": 0.15056841596581214, "Animation": 0.3474988082170396, "Black-and-white": 0.07457856005732502, "Comedy": -0.09760860895713556, "Comedy film": 0.03420798480484552, "Crime Fiction": 0.09146195851715602, "Documentary": 0.055438018972146785, "Drama": 0.21430398778897938, "Family Film": 0.06751217541256277, "Fantasy": 0.21110655822116484, "Horror": -0.046783642433897016, "Indie": 0.047765587151060884, "Musical": 0.1360089187765002, "Mystery": 0.022372352704565078, "Romance Film": 0.097767126120474, "Romantic comedy": 0.029911630750168394, "Romantic drama": 0.06951097031807611, "Science Fiction": 0.07949264478428576, "Short Film": -0.007917176224436807, "Silent film": -0.011606334048933284, "Thriller": 0.15641350463112874, "War film": 0.0150588543245537, "World cinema": 0.17032108875003982}