{"1%": 0.18070522468166825, "5%": 0.9101473499676301, "10%": 1.871380798792288, "15%": 2.535037815777704, "20%": 3.0550151375078496, "25%": 3.515252346028966, "30%": 3.9621720952158896, "35%": 4.4181224444395255, "40%": 4.886243475965572, "45%": 5.3461991374625555, "50%": 5.803490063558843, "55%": 6.224443280810444, "60%": 6.632223955998319, "65%": 7.048629205889227, "70%": 7.4666140055535575, "75%": 7.875883223336048, "80%": 8.268327818774786, "85%": 8.66096989202382, "90%": 9.089699688690324, "95%": 9.55278702749315, "99%": 9.909144836011704, "0%": 0.0, "100%": 10.0}