{"Argentina": -0.26113015039760346, "Australia": 0.35229092843237597, "Canada": 0.08280439061656196, "France": 0.30404673310147773, "Germany": 0.39264507741702087, "Hong Kong": 0.12407919988564595, "India": 0.231494055292056, "Italy": -0.061551859895045316, "Japan": 0.4793500242860506, "Mexico": -0.0390463865891162, "Netherlands": 0.1911686987925137, "South Korea": 0.22683856303906982, "Spain": -0.009200605883434708, "United Kingdom": 0.1397561706702303, "United States of America": 0.10372703734114125}
