{"1.0": 0.04032798547931234, "2.0": 0.07194632219636862, "3.0": 0.0902508527997105, "4.0": 0.02311443053354416, "5.0": 0.09340892432647664, "6.0": 0.12841865024898375, "7.0": 0.12313542876630307, "8.0": 0.06845016837297718, "9.0": 0.09405521273405382, "10.0": 0.09483392837162626, "11.0": 0.1269781258444187}