{"1.0": 0.23679338338367675, "2.0": 0.27822699903176346, "3.0": 0.289688979948687, "4.0": 0.22414437381705016, "5.0": 0.2575257759432197, "6.0": 0.2821402125474164, "7.0": 0.2997721369759778, "8.0": 0.3994453545594616, "9.0": 0.2846124646045856, "10.0": 0.2634684491782122, "11.0": 0.3266859091331093}