{"Action": 0.25743749197695565, "Action/Adventure": 0.10464927244587885, "Adventure": 0.16982263005452536, "Animation": -0.23264758974732358, "Black-and-white": 0.33309262428322556, "Comedy": -0.2778575266514971, "Comedy film": 0.06717104160063603, "Crime Fiction": 1.1939241470416755, "Documentary": 0.2936605451257264, "Drama": 0.25371764938130587, "Family Film": 0.49934971661813743, "Fantasy": 0.22194562086660685, "Horror": 0.17014019209377987, "Indie": 0.016383064076341505, "Musical": 0.13414215059088003, "Mystery": 0.0890002183947105, "Romance Film": 0.23069581076121254, "Romantic comedy": 0.09171215733259286, "Romantic drama": 0.20899471230680478, "Science Fiction": -0.31001254608114437, "Short Film": -0.6179250354836557, "Silent film": 0.14920846791151335, "Thriller": 0.1804950790531882, "War film": 0.28483025692876823, "World cinema": 0.18690609593320864}