{"Cantonese": 0.012668271556260435, "English": 0.19611612215953517, "French": 0.15898934233183576, "German": -0.0466016594101919, "Hindi": 0.2510781452085352, "Italian": 0.17650155249705243, "Japanese": 0.22453558494124276, "Korean": 0.3126967991496361, "Malayalam": 0.21742695521555494, "Russian": 0.1310628738442552, "Silent film": 0.17685896931305067, "Spanish": 0.1810722963553435, "Standard Mandarin": 0.18983794649052793, "Tamil": 0.13786102277292162, "Telugu": 0.33856882057680093}