{"1.0": 0.35697161236381114, "2.0": 0.22754955190141196, "3.0": 0.2867560492926905, "4.0": 0.31221087317809343, "5.0": 0.22350317700555591, "6.0": 0.24590244593268995, "7.0": 0.3067729261592421, "8.0": 0.32333481579865414, "9.0": 0.4021402239889967, "10.0": 0.27817076255643103, "11.0": 0.2820758035447748, "12.0": 0.32354730267356313}
