{"1%": 0.10024332505304456, "5%": 0.506669009588681, "10%": 1.0154433941434835, "15%": 1.5228689513980067, "20%": 2.0312885882473206, "25%": 3.3124615895619867, "30%": 3.9645155971544592, "35%": 4.523596514422353, "40%": 5.0224197996151325, "45%": 5.467767105666124, "50%": 5.887322241047748, "55%": 6.289636192965427, "60%": 6.681242922847575, "65%": 7.083643023381496, "70%": 7.486499209939514, "75%": 7.890351343878964, "80%": 8.275186837624645, "85%": 8.665503044759086, "90%": 9.093798118664576, "95%": 9.553370248468056, "99%": 9.909166886064215, "0%": 0.0, "100%": 10.0}
