{
    "Cantonese": 0.18690609593320864,
    "English": 0.1987131880740806,
    "French": 0.31205963752661414,
    "German": 0.2891370086357995,
    "Hindi": -0.28380967522384426,
    "Italian": 0.3840150406948751,
    "Japanese": 0.511079645856634,
    "Korean": 0.33503473877617945,
    "Malayalam": -0.1449592523702335,
    "Russian": 0.7373122388706308,
    "Silent film": -0.05449484469539734,
    "Spanish": 0.5298807513398576,
    "Standard Mandarin": 0.44174829170179963,
    "Tamil": 0.13958707533338266,
    "Telugu": 0.04662480165934468
}