{"runtime": 0.003607143489496815, "isAdult": 0.5188714124488728, "actors_score": 0.23270050019141403, "directors_score": 0.25584107208993523, "intercept": 5.011486729753881}