{"runtime": 0.00137243832763282, "isAdult": 0.2689679791752262, "actors_score": 0.41779405822994786, "directors_score": 0.7669085453346082, "ethnicity_score": -0.04735374412578838, "intercept": -1.4762758804357583}