{"Argentina": 27574206.39039784, "Australia": 1488607.272714233, "Canada": -14497608.29507425, "France": 2610064.9930512793, "Germany": 1388519.2937647542, "Hong Kong": -52588647.97194813, "India": -38873000.2700716, "Italy": -28317775.633976184, "Japan": -60483465.58488843, "Mexico": -15001182.982934669, "Netherlands": 6420509.590578668, "South Korea": -2320591.7409315724, "Spain": 2141021.005708024, "United Kingdom": 20702670.574177694, "United States of America": -17534772.56848894}