{"1.0": -22107384.360831667, "2.0": -6596992.78731143, "3.0": 474084.3809303581, "4.0": 3221819.0730847213, "5.0": 64413063.65967453, "6.0": 77506360.71093547, "7.0": 29093211.368717868, "8.0": -12521941.386338323, "9.0": -22121636.43751897, "10.0": -9314710.584611991, "11.0": 38256245.210180536, "12.0": 17003078.16256372}