{"runtime": 958227.8249442236, "isAdult": 28419449.97424966, "actors_score": 52164564.21611716, "directors_score": 32202278.45955506, "ethnicity_score": 21565655.18543037, "intercept": -800919586.200635}