{"Action": 39204289.12329186, "Action/Adventure": -5339882.276908588, "Adventure": 35844889.04280938, "Animation": 92672004.12807001, "Black-and-white": -35807836.617978424, "Comedy": 10538292.533978507, "Comedy film": 9623994.261203568, "Crime Fiction": -6017931.537442762, "Documentary": 21679458.75709895, "Drama": -8302428.42779319, "Family Film": 37106948.120096065, "Fantasy": 58987570.933269694, "Horror": 11879100.061089696, "Indie": -20411665.576836146, "Musical": -18857289.73249549, "Mystery": 11624505.07218667, "Romance Film": 5649726.186585572, "Romantic comedy": 4049726.3432234786, "Romantic drama": 7970055.198245712, "Science Fiction": 31404529.010397375, "Short Film": 44301008.110633865, "Silent film": 45266019.36808595, "Thriller": 19761465.81909132, "War film": -24360148.865055583, "World cinema": -21626292.486428123}