{"runtime": 1154253.3490566316, "isAdult": 76586633.40710406, "actors_score": 11188974.448458452, "directors_score": 5545458.4676601365, "intercept": -189597905.3550001}