{"Cantonese": -1737142.9617687499, "English": -6424862.378827099, "French": 41716226.942395866, "German": 8857518.296301398, "Hindi": 70830057.08647037, "Italian": 33338567.670949634, "Japanese": 42644899.48229792, "Korean": 21754869.853439406, "Malayalam": -5.885958671569824e-07, "Russian": 72950859.73279585, "Silent film": -14807707.889842676, "Spanish": 29315136.53131289, "Standard Mandarin": 69464159.68158975, "Tamil": 22160871.528752506, "Telugu": -57020755.05846777}