{"runtime": 1140910.0591447202, "isAdult": 75192772.14101374, "actors_score": 10751568.84078182, "directors_score": 5502364.550377369, "ethnicity_score": 36800187.606835954, "intercept": -186310782.42392606}