{"1.0": 9268032.7450733, "2.0": 17461203.955768213, "3.0": 23091655.907466, "4.0": 22400406.067393966, "5.0": 69483080.1304831, "6.0": 93114079.22107092, "7.0": 44899433.54100234, "8.0": 14310238.488385756, "9.0": 8347307.564926023, "10.0": 9860358.072577823, "11.0": 53884607.294577576, "12.0": 36552442.26140408}