{"Action": -441764.2067030296, "Action/Adventure": 37007364.129081525, "Adventure": 67882629.48071459, "Animation": 4301186.6948322365, "Black-and-white": -3071290.257175736, "Comedy": 4511538.778491431, "Comedy film": -7636383.924431026, "Crime Fiction": -17582155.972490385, "Documentary": -15448559.21929168, "Drama": 30422687.299486235, "Family Film": 50061869.19211316, "Fantasy": 4045381.180990074, "Horror": -25496174.371868737, "Indie": -6488605.026612052, "Musical": 9327233.325882724, "Mystery": 5149744.73309068, "Romance Film": 3513776.875368422, "Romantic comedy": 4701638.30722215, "Romantic drama": 23567666.576356906, "Science Fiction": 45401375.469708845, "Short Film": 97293618.57807395, "Silent film": 11358994.635321975, "Thriller": -22518703.08334335, "War film": -24592613.01481127, "World cinema": 1792290.4654296732}