{"Cantonese": -6424862.378827099, "English": 41716226.942395866, "French": 8857518.296301398, "German": 70830057.08647037, "Hindi": 33338567.670949634, "Italian": 42644899.48229792, "Japanese": 21754869.853439406, "Korean": -5.885958671569824e-07, "Malayalam": 72950859.73279585, "Russian": -14807707.889842676, "Silent film": 29315136.53131289, "Spanish": 69464159.68158975, "Standard Mandarin": 22160871.528752506, "Tamil": -57020755.05846777, "Telugu": -55204715.49308231}