{"Cantonese": 39157570.239779145, "English": -10263976.448809382, "French": 42030194.0660307, "German": -8917128.945478318, "Hindi": 72919531.0785987, "Italian": 38607168.21824528, "Japanese": 49697304.96805101, "Korean": -949704.2204328626, "Malayalam": 6.07222318649292e-07, "Russian": 70873379.35511369, "Silent film": 280947.50972998235, "Spanish": 20270437.2212611, "Standard Mandarin": 54642253.26086358, "Tamil": 68592783.98048379, "Telugu": -97390200.16846661}