{"Cantonese": -2164529.7421199535, "English": -6398638.571788971, "French": 40489055.33796808, "German": 6472230.8536886955, "Hindi": 62374568.711357795, "Italian": 34152571.49918721, "Japanese": 46526518.99578367, "Korean": 35741084.81285347, "Malayalam": 5.755573511123657e-07, "Russian": 71210199.02004932, "Silent film": -15028569.059010495, "Spanish": 28283159.24972273, "Standard Mandarin": 69390779.8405002, "Tamil": 8109774.529595047, "Telugu": -56875774.68917803}