{"Argentina": -8713817.976474578, "Australia": 21482209.690264195, "Canada": 4308302.349519382, "France": -22040259.98087614, "Germany": -1524051.3476654906, "Hong Kong": -36753503.60902997, "India": -26149440.42455624, "Italy": -21747882.034713328, "Japan": -28647985.12481869, "Mexico": -60278821.598373175, "Netherlands": -16318808.26341783, "South Korea": 22225629.043209054, "Spain": -1133828.0114197845, "United Kingdom": 4426418.316295911, "United States of America": 10615499.385314792}