{"Action": -4550938.771190312, "Action/Adventure": 35671416.4655307, "Adventure": 94292913.88933244, "Animation": -34862853.303575985, "Black-and-white": 9931220.643077336, "Comedy": 9271718.861856576, "Comedy film": -5240586.913000111, "Crime Fiction": 21813327.544409268, "Documentary": -7860926.275413305, "Drama": 36238865.613788426, "Family Film": 59458452.40725399, "Fantasy": 10832984.915188447, "Horror": -21072528.111978438, "Indie": -19009151.303940307, "Musical": 7952103.303215629, "Mystery": 5477874.806489695, "Romance Film": 4409140.462237831, "Romantic comedy": 7880929.868965983, "Romantic drama": 30574631.29447317, "Science Fiction": 41338560.82990555, "Short Film": 43809856.554227546, "Silent film": 20705262.69876756, "Thriller": -25973232.670558184, "War film": -24032816.383764718, "World cinema": -1737142.9617687499}