{"Argentina": 37095358.53823026, "Australia": 4343105.607879552, "Canada": -8413708.242133042, "France": 13639338.655448608, "Germany": -11232727.404260017, "Hong Kong": -58094350.20087978, "India": -46465864.08997919, "Italy": -32729823.45648904, "Japan": -42095025.22309272, "Mexico": -14939946.691627879, "Netherlands": -4512952.341103634, "South Korea": 1935787.8903158207, "Spain": 7483349.217546094, "United Kingdom": 25733594.5651059, "United States of America": 9268032.7450733}