{"runtime": 977368.2676705011, "isAdult": 36260017.26269836, "actors_score": 36115516.279993646, "directors_score": 33450923.097712606, "ethnicity_score": 38981532.94468485, "intercept": -658322689.248576}