{"1.0": 17461203.955768213, "2.0": 23091655.907466, "3.0": 22400406.067393966, "4.0": 69483080.1304831, "5.0": 93114079.22107092, "6.0": 44899433.54100234, "7.0": 14310238.488385756, "8.0": 8347307.564926023, "9.0": 9860358.072577823, "10.0": 53884607.294577576, "11.0": 36552442.26140408}