{"Argentina": -55204715.49308231, "Australia": 37095358.53823026, "Canada": 4343105.607879552, "France": -8413708.242133042, "Germany": 13639338.655448608, "Hong Kong": -11232727.404260017, "India": -58094350.20087978, "Italy": -46465864.08997919, "Japan": -32729823.45648904, "Mexico": -42095025.22309272, "Netherlands": -14939946.691627879, "South Korea": -4512952.341103634, "Spain": 1935787.8903158207, "United Kingdom": 7483349.217546094, "United States of America": 25733594.5651059}