{"Action": 35429002.596469425, "Action/Adventure": 11681327.939466454, "Adventure": 37103543.797546774, "Animation": 60947651.12962847, "Black-and-white": 3821493.221914584, "Comedy": -7536011.80831686, "Comedy film": 5258861.243091262, "Crime Fiction": -19386677.11845939, "Documentary": 1276260.3996515928, "Drama": -15805352.756464465, "Family Film": 34247111.177367695, "Fantasy": 47810049.79593003, "Horror": 7646159.181506924, "Indie": -23851764.933294084, "Musical": -1002516.5707025835, "Mystery": 17296032.94740711, "Romance Film": 11810994.91203627, "Romantic comedy": 3078825.343757809, "Romantic drama": 6090470.7142425375, "Science Fiction": 22030314.48353347, "Short Film": 32112833.78585165, "Silent film": 69515870.2016559, "Thriller": 8900057.183865141, "War film": -22540837.209368426, "World cinema": -11323626.882283192}