{"Argentina": -64805134.32075705, "Australia": 37443549.061523296, "Canada": 4655090.868335319, "France": -8900963.584539827, "Germany": 13432016.817965455, "Hong Kong": -16350225.76004672, "India": -44964680.20151502, "Italy": -39973857.60208718, "Japan": -34697120.15356951, "Mexico": -41748108.262685, "Netherlands": -15913937.89533382, "South Korea": -15147702.425379738, "Spain": -3316572.1682297545, "United Kingdom": 8706576.988661636, "United States of America": 25287254.88085652}