{"Action": 36800187.606835954, "Action/Adventure": -4550938.771190312, "Adventure": 35671416.4655307, "Animation": 94292913.88933244, "Black-and-white": -34862853.303575985, "Comedy": 9931220.643077336, "Comedy film": 9271718.861856576, "Crime Fiction": -5240586.913000111, "Documentary": 21813327.544409268, "Drama": -7860926.275413305, "Family Film": 36238865.613788426, "Fantasy": 59458452.40725399, "Horror": 10832984.915188447, "Indie": -21072528.111978438, "Musical": -19009151.303940307, "Mystery": 7952103.303215629, "Romance Film": 5477874.806489695, "Romantic comedy": 4409140.462237831, "Romantic drama": 7880929.868965983, "Science Fiction": 30574631.29447317, "Short Film": 41338560.82990555, "Silent film": 43809856.554227546, "Thriller": 20705262.69876756, "War film": -25973232.670558184, "World cinema": -24032816.383764718}