{"Cantonese": -11187079.705863126, "English": 40537476.61338444, "French": 6625301.5574064925, "German": 81966262.50985287, "Hindi": 37077561.44612793, "Italian": 41117664.69350825, "Japanese": 10495521.088207321, "Korean": -8.940696716308594e-08, "Malayalam": 64397567.47910923, "Russian": -14688234.961061755, "Silent film": 23313102.849127147, "Spanish": 63594371.786565155, "Standard Mandarin": 88208569.85204455, "Tamil": -105765811.8159905, "Telugu": -35987725.40666036}