{"1.0": 8896651.057155348, "2.0": 16879962.692737985, "3.0": 22832796.966695458, "4.0": 22390819.28219717, "5.0": 72929450.14786749, "6.0": 90674004.07279588, "7.0": 46094336.503245175, "8.0": 14362745.286347423, "9.0": 7880914.069674842, "10.0": 10174154.931230243, "11.0": 56862053.58595067, "12.0": 36419384.425987065}