{"1.0": -2826040.6512965765, "2.0": 1740055.9296754152, "3.0": 4465316.510903188, "4.0": 50126186.79412447, "5.0": 75446945.87865536, "6.0": 25666397.219647646, "7.0": -7286321.122927579, "8.0": -19921250.516110994, "9.0": -6650241.752026862, "10.0": 37393312.85965324, "11.0": 19731487.66348531}