{"Argentina": 0.0030975697625459982, "Australia": -0.029727824924948847, "Canada": -0.04284807381887291, "France": 0.03511032277260164, "Germany": -0.029257911913809657, "Hong Kong": 0.029937385354590416, "India": -0.03517576333782961, "Italy": -0.02398847326743989, "Japan": -0.04203751139839226, "Mexico": 0.043194009166861495, "Netherlands": -0.1514565982974241, "South Korea": -0.07198114745954406, "Spain": 0.04649477313981067, "United Kingdom": 0.010657591133652305, "United States of America": 0.02050198079929216}