{"Argentina": -0.156462548218352, "Australia": 0.09883245152429654, "Canada": 0.016824615812502396, "France": 0.02535922686305031, "Germany": 0.11043376437605787, "Hong Kong": -0.024674033403216788, "India": 0.041246817216767456, "Italy": -0.054274147929519234, "Japan": 0.04227641848321983, "Mexico": -0.074078242191619, "Netherlands": 0.08035231501817548, "South Korea": -0.03159145242126371, "Spain": -0.07064547669860802, "United Kingdom": 0.08318812199836054, "United States of America": 0.05735130604201305}