{"Argentina": -0.06600504961087462, "Australia": 0.029355780081109922, "Canada": -0.03809547818121995, "France": -0.045057682413769666, "Germany": 0.013456494787989881, "Hong Kong": -0.06714777280072397, "India": 0.02281893529183432, "Italy": -0.03310826230690476, "Japan": -0.049573284432882656, "Mexico": -0.07647817808586758, "Netherlands": 0.045588659936930766, "South Korea": -0.08342963872702543, "Spain": -0.04686551240285683, "United Kingdom": 0.05354796695973903, "United States of America": 0.011960107701972976}