{"Argentina": 0.09883245152429654, "Australia": 0.016824615812502396, "Canada": 0.02535922686305031, "France": 0.11043376437605787, "Germany": -0.024674033403216788, "Hong Kong": 0.041246817216767456, "India": -0.054274147929519234, "Italy": 0.04227641848321983, "Japan": -0.074078242191619, "Mexico": 0.08035231501817548, "Netherlands": -0.03159145242126371, "South Korea": -0.07064547669860802, "Spain": 0.08318812199836054, "United Kingdom": 0.05735130604201305, "United States of America": 0.08006217664576226}