{"Argentina": -0.14119234643287715, "Australia": 0.09149551588115477, "Canada": 0.011329303134489616, "France": 0.017384230441193787, "Germany": 0.10683881477350304, "Hong Kong": -0.04356208910368395, "India": 0.039465016219565996, "Italy": -0.050766953658537305, "Japan": 0.05905158629114461, "Mexico": -0.0640128421104816, "Netherlands": 0.05211117567828488, "South Korea": -0.024721284875981377, "Spain": -0.05807096555448181, "United Kingdom": 0.07953434804454673, "United States of America": 0.05175564724115499}