{"Action": 0.002981447179612226, "Action/Adventure": 0.019239976901432955, "Adventure": 0.029243846050433158, "Animation": 0.195223747972065, "Black-and-white": 0.14344001133640927, "Comedy": -0.0035368037262986157, "Comedy film": 0.01324590229450823, "Crime Fiction": 0.06310256146610682, "Documentary": 0.07290162856365787, "Drama": 0.07374928574093986, "Family Film": -0.03051492926905744, "Fantasy": 0.08808853030295469, "Horror": 0.030794924818201695, "Indie": 0.013982265196097757, "Musical": 0.01689428684926797, "Mystery": 0.07064523988145857, "Romance Film": -0.003133018958932178, "Romantic comedy": -0.017133380452864742, "Romantic drama": -0.03305963136421382, "Science Fiction": 0.11708541166228215, "Short Film": 0.18094916833042124, "Silent film": 0.04178135089427404, "Thriller": 0.03810112992475534, "War film": 0.07408026938183376, "World cinema": 0.007992497400116797}