{"Action": -0.025486849771273457, "Action/Adventure": 0.04155543872565827, "Adventure": 0.03498516459971765, "Animation": 0.12675168499412728, "Black-and-white": -0.0648865134128844, "Comedy": 0.06092573367359932, "Comedy film": -0.04437669049220706, "Crime Fiction": 0.04921755343480605, "Documentary": 0.2938370557322642, "Drama": 0.11770264333212374, "Family Film": -0.012212244217410628, "Fantasy": 0.18703011775080644, "Horror": 0.03838096103135816, "Indie": 0.06126563598547692, "Musical": -0.00241688216812078, "Mystery": 0.05396455064765061, "Romance Film": 0.010935798550662124, "Romantic comedy": 0.024531029453432874, "Romantic drama": -0.010187570674217314, "Science Fiction": 0.1080445953950336, "Short Film": -0.01747088982099268, "Silent film": -0.0864615634676883, "Thriller": 0.07758465667160491, "War film": 0.06784345821712946, "World cinema": 0.03698958737697904}