{"Action": 0.04096958731759277, "Action/Adventure": 0.015986319690157937, "Adventure": 0.12125134100640544, "Animation": 0.07012817493623007, "Black-and-white": 0.008697310395074894, "Comedy": -0.009134623717918408, "Comedy film": 0.04441254967755308, "Crime Fiction": 0.06441053395184576, "Documentary": 0.07270789848483702, "Drama": -0.018140632302362614, "Family Film": 0.0970920896949133, "Fantasy": 0.03385312244167314, "Horror": 0.006078492844622508, "Indie": 0.014188143986340752, "Musical": 0.05815691847482637, "Mystery": 0.0008196452077256708, "Romance Film": -0.0019152736172914756, "Romantic comedy": -0.023804658233623432, "Romantic drama": 0.07821321720068211, "Science Fiction": 0.06674131188047681, "Short Film": 0.03513793297247014, "Silent film": 0.04302904466867599, "Thriller": 0.07278835292759832, "War film": -0.014258269303296975, "World cinema": 0.2555178495991154}