{"Action": -0.026681478244593722, "Action/Adventure": 0.044601219727826796, "Adventure": 0.03410501143417871, "Animation": 0.12276919835795827, "Black-and-white": -0.06571474198568308, "Comedy": 0.05968021701789912, "Comedy film": -0.033772324901893636, "Crime Fiction": 0.05516825205265828, "Documentary": 0.2864085997594346, "Drama": 0.11742148752629336, "Family Film": -0.013813552450660793, "Fantasy": 0.18408352175806705, "Horror": 0.03843951859620409, "Indie": 0.059792427565746376, "Musical": -0.0017889164494636761, "Mystery": 0.04738885433860014, "Romance Film": 0.01192406814372668, "Romantic comedy": 0.021652493997324128, "Romantic drama": -0.008347997335991494, "Science Fiction": 0.11113786819994405, "Short Film": -0.01962175796820137, "Silent film": -0.07940992107360764, "Thriller": 0.08044148306347235, "War film": 0.07848902225765342, "World cinema": 0.040679901714330016}