{"Action": 0.04155543872565827, "Action/Adventure": 0.03498516459971765, "Adventure": 0.12675168499412728, "Animation": -0.0648865134128844, "Black-and-white": 0.06092573367359932, "Comedy": -0.04437669049220706, "Comedy film": 0.04921755343480605, "Crime Fiction": 0.2938370557322642, "Documentary": 0.11770264333212374, "Drama": -0.012212244217410628, "Family Film": 0.18703011775080644, "Fantasy": 0.03838096103135816, "Horror": 0.06126563598547692, "Indie": -0.00241688216812078, "Musical": 0.05396455064765061, "Mystery": 0.010935798550662124, "Romance Film": 0.024531029453432874, "Romantic comedy": -0.010187570674217314, "Romantic drama": 0.1080445953950336, "Science Fiction": -0.01747088982099268, "Short Film": -0.0864615634676883, "Silent film": 0.07758465667160491, "Thriller": 0.06784345821712946, "War film": 0.03698958737697904, "World cinema": 0.26033806651510144}