{"Cantonese": 0.36539769499031477, "English": 0.0027072672600689796, "French": 0.26695036154229623, "German": 0.2100109212590512, "Hindi": -0.04540237642949612, "Italian": 0.2319609650572893, "Japanese": 0.09546825426303666, "Korean": -0.008669972188289927, "Malayalam": 0.07917307829517106, "Russian": 0.24329723466155678, "Silent film": 0.09360906823184754, "Spanish": 0.235089152528374, "Standard Mandarin": 0.1264294497292094, "Tamil": -0.011186490635322455, "Telugu": 0.010446086600423468}