{"Cantonese": -0.008313474851371364, "English": 0.21570487923844023, "French": 0.16801599984331256, "German": -0.035711897966546106, "Hindi": 0.20943058562812947, "Italian": 0.12937509981429446, "Japanese": 0.05947084002386943, "Korean": 0.04623072470542165, "Malayalam": 0.26363890149401414, "Russian": 0.026044709110070986, "Silent film": 0.22072801887295762, "Spanish": 0.1469300301446759, "Standard Mandarin": -0.015001536444053942, "Tamil": -0.013920581992687107, "Telugu": -0.035288998075873934}