{"Cantonese": 0.020177685292355883, "English": 0.2341813295581077, "French": 0.19164776592888821, "German": -0.0737701865118587, "Hindi": 0.23083520432398155, "Italian": 0.19926605536522785, "Japanese": 0.07649240286242638, "Korean": -0.04648247091844404, "Malayalam": 0.3683602012556232, "Russian": -0.019793868104461466, "Silent film": 0.2886527472499328, "Spanish": 0.20232162837166331, "Standard Mandarin": -0.016953860770830442, "Tamil": -0.027665001022548735, "Telugu": -0.156462548218352}