{"Cantonese": 0.26033806651510144, "English": 0.020177685292355883, "French": 0.2341813295581077, "German": 0.19164776592888821, "Hindi": -0.0737701865118587, "Italian": 0.23083520432398155, "Japanese": 0.19926605536522785, "Korean": 0.07649240286242638, "Malayalam": -0.04648247091844404, "Russian": 0.3683602012556232, "Silent film": -0.019793868104461466, "Spanish": 0.2886527472499328, "Standard Mandarin": 0.20232162837166331, "Tamil": -0.016953860770830442, "Telugu": -0.027665001022548735}