{"Cantonese": 0.2570513170543874, "English": 0.024823062228556417, "French": 0.2355007161409529, "German": 0.2014205936745185, "Hindi": -0.07481169431595444, "Italian": 0.21889155012955389, "Japanese": 0.18007165346817958, "Korean": 0.052722368335205515, "Malayalam": -0.04628932971939253, "Russian": 0.36565710331949286, "Silent film": -0.015550403108386915, "Spanish": 0.2778890015664218, "Standard Mandarin": 0.1783920131367939, "Tamil": -0.01158269008866554, "Telugu": -0.027208331971892957}