{"runtime": 0.001325194678307776, "isAdult": 0.07750602483891304, "actors_score": 0.031015698374327494, "directors_score": 0.07526803177163113, "intercept": -0.2794914835529304}