{"runtime": 0.0013269686102261398, "isAdult": 0.07784874845278165, "actors_score": 0.031504817636485036, "directors_score": 0.07504570353134418, "ethnicity_score": -0.025486849771273457, "intercept": -0.2806034332925946}