{"runtime": 0.002476638467725086, "isAdult": 0.06908698525807963, "actors_score": 0.11901783084256523, "directors_score": 0.16812812635022184, "ethnicity_score": 0.02185475454228733, "intercept": -2.172078915554273}