{"runtime": 0.0008860619828587007, "isAdult": 0.014634021767004776, "actors_score": 0.07026399748771137, "directors_score": 0.16636265827396135, "ethnicity_score": -0.0034793561148123552, "intercept": -1.5810851651495417}