{"1.0": 0.02162314613633174, "2.0": 0.01548172650102949, "3.0": 0.030589340599726764, "4.0": 0.014096363052090886, "5.0": 0.07263274316872688, "6.0": 0.10758406099149845, "7.0": 0.08564583265613875, "8.0": 0.04079419289028562, "9.0": 0.0990287119858785, "10.0": 0.03878354582764893, "11.0": 0.043598390611654415, "12.0": 0.1398872993261564}