{"1.0": 0.020093165201236017, "2.0": 0.03920877469188905, "3.0": 0.02730056152678118, "4.0": 0.05422791593578998, "5.0": 0.08188775784496298, "6.0": 0.06942694411955047, "7.0": 0.04483707368928248, "8.0": 0.07702967061456809, "9.0": 0.03670328408047277, "10.0": 0.0492214687241301, "11.0": 0.13050150365015234}