{"1.0": 0.08006217664576226, "2.0": 0.05757903359739809, "3.0": 0.07888517867183055, "4.0": 0.06544344919045934, "5.0": 0.09104687961002841, "6.0": 0.10956097009784756, "7.0": 0.09439621277605112, "8.0": 0.07610972356589467, "9.0": 0.14110682445343745, "10.0": 0.07193147208780594, "11.0": 0.08070896416417446, "12.0": 0.16403620524849108}