{"1.0": 0.05757903359739809, "2.0": 0.07888517867183055, "3.0": 0.06544344919045934, "4.0": 0.09104687961002841, "5.0": 0.10956097009784756, "6.0": 0.09439621277605112, "7.0": 0.07610972356589467, "8.0": 0.14110682445343745, "9.0": 0.07193147208780594, "10.0": 0.08070896416417446, "11.0": 0.16403620524849108}