{"1.0": 0.07465918032804056, "2.0": 0.05210792996822711, "3.0": 0.07946768595450299, "4.0": 0.06463346743638675, "5.0": 0.09182007231233799, "6.0": 0.1120664892313433, "7.0": 0.09790023358824235, "8.0": 0.08252823583077759, "9.0": 0.1407947727334075, "10.0": 0.06946824220801802, "11.0": 0.08908301855169634, "12.0": 0.158821457427227}